Date,Price,Open,High,Low,Vol.,Change %
01/02/2019,31.11,30.55,31.22,30.55,24.46M,0.19%
01/03/2019,30.95,31.07,31.57,30.90,24.83M,-0.51%
01/04/2019,31.15,31.07,31.22,30.90,24.09M,0.65%
01/07/2019,31.51,31.21,31.72,31.06,23.37M,1.16%
01/08/2019,31.73,31.69,31.92,31.30,21.60M,0.70%
01/09/2019,31.63,31.90,32.05,31.59,18.82M,-0.32%
01/10/2019,31.65,31.29,31.66,31.04,28.19M,0.06%
01/11/2019,31.61,31.66,31.76,31.52,16.18M,-0.13%
01/14/2019,31.65,31.49,31.82,31.43,21.26M,0.13%
01/15/2019,32.08,31.82,32.20,31.79,21.17M,1.36%
01/16/2019,32.12,31.98,32.29,31.94,16.23M,0.12%
01/17/2019,32.25,32.11,32.40,32.05,16.84M,0.40%
01/18/2019,32.58,32.32,32.73,32.28,18.36M,1.02%
01/22/2019,32.50,32.38,32.81,32.26,24.19M,-0.25%
01/23/2019,32.90,32.96,33.12,32.51,25.04M,1.23%
01/24/2019,32.79,32.73,32.82,32.14,22.83M,-0.33%
01/25/2019,32.31,32.92,32.97,32.25,21.67M,-1.46%
01/28/2019,32.35,32.18,32.36,32.03,17.63M,0.12%
01/29/2019,32.24,32.26,32.39,32.17,15.76M,-0.34%
01/30/2019,31.60,32.23,32.27,31.42,35.55M,-1.99%
01/31/2019,31.94,31.54,32.29,31.54,44.17M,1.08%
02/01/2019,31.29,31.97,32.00,31.04,37.78M,-2.04%
02/04/2019,31.59,31.29,31.59,31.12,21.81M,0.96%
02/05/2019,31.87,31.75,31.98,31.67,18.30M,0.89%
02/06/2019,31.88,31.81,32.00,31.74,12.79M,0.03%
02/07/2019,32.24,31.70,32.27,31.67,21.03M,1.13%
02/08/2019,31.86,32.11,32.23,31.71,18.51M,-1.18%
02/11/2019,32.07,31.88,32.12,31.88,16.63M,0.66%
02/12/2019,32.32,32.27,32.39,32.17,17.64M,0.78%
02/13/2019,32.65,32.43,32.67,32.36,16.38M,1.02%
02/14/2019,32.84,32.56,33.07,32.34,21.60M,0.58%
02/15/2019,33.33,32.99,33.33,32.95,28.44M,1.49%
02/19/2019,34.07,34.13,34.73,34.02,62.09M,2.22%
02/20/2019,33.29,33.94,34.11,32.88,52.90M,-2.29%
02/21/2019,33.13,33.22,33.31,32.97,19.24M,-0.48%
02/22/2019,33.18,33.27,33.39,33.05,24.26M,0.15%
02/25/2019,33.04,33.37,33.38,33.02,27.70M,-0.42%
02/26/2019,32.90,33.01,33.02,32.62,25.46M,-0.42%
02/27/2019,32.70,32.71,32.80,32.53,23.71M,-0.61%
02/28/2019,33.00,32.70,33.16,32.59,34.13M,0.92%
03/01/2019,32.64,33.16,33.19,32.37,31.06M,-1.09%
03/04/2019,32.62,32.71,32.86,32.46,23.05M,-0.06%
03/05/2019,32.78,32.71,33.06,32.70,18.36M,0.49%
03/06/2019,32.75,32.76,33.00,32.62,14.09M,-0.09%
03/07/2019,32.48,32.57,32.73,32.41,18.38M,-0.82%
03/08/2019,32.53,32.52,32.81,32.33,16.98M,0.15%
03/11/2019,32.83,32.68,32.86,32.61,16.04M,0.92%
03/12/2019,32.79,32.84,32.91,32.68,15.21M,-0.12%
03/13/2019,33.01,32.90,33.12,32.80,16.45M,0.67%
03/14/2019,32.74,32.80,32.81,32.53,14.78M,-0.82%
03/15/2019,32.81,32.76,32.84,32.53,43.80M,0.21%
03/18/2019,33.22,32.77,33.26,32.75,17.31M,1.25%
03/19/2019,33.28,33.33,33.50,33.19,16.24M,0.18%
03/20/2019,32.88,33.07,33.18,32.85,18.97M,-1.20%
03/21/2019,33.02,32.75,33.04,32.70,19.65M,0.43%
03/22/2019,32.76,32.86,33.18,32.65,20.12M,-0.79%
03/25/2019,32.72,32.60,32.87,32.54,16.22M,-0.12%
03/26/2019,32.77,32.79,32.95,32.68,14.84M,0.15%
03/27/2019,32.40,32.71,32.95,32.32,25.41M,-1.13%
03/28/2019,32.38,32.53,32.62,32.18,24.16M,-0.06%
03/29/2019,32.51,32.53,32.56,32.35,22.32M,0.40%
04/01/2019,32.61,32.66,32.79,32.52,25.52M,0.31%
04/02/2019,32.31,32.59,32.77,32.30,18.82M,-0.92%
04/03/2019,32.40,32.37,32.47,32.26,17.06M,0.28%
04/04/2019,32.70,32.42,32.76,32.41,12.08M,0.93%
04/05/2019,32.94,32.75,33.07,32.72,13.97M,0.73%
04/08/2019,33.08,32.82,33.08,32.75,16.27M,0.43%
04/09/2019,32.90,32.93,33.08,32.72,13.10M,-0.54%
04/10/2019,33.20,32.84,33.24,32.83,12.27M,0.91%
04/11/2019,33.60,33.23,33.61,33.16,16.82M,1.20%
04/12/2019,33.85,33.67,34.01,33.67,15.49M,0.74%
04/15/2019,34.14,33.77,34.30,33.75,15.34M,0.86%
04/16/2019,34.31,34.30,34.46,34.18,14.49M,0.50%
04/17/2019,34.39,34.33,34.47,34.14,11.19M,0.23%
04/18/2019,34.39,34.37,34.60,34.30,11.18M,0.00%
04/22/2019,34.12,34.26,34.51,34.06,15.24M,-0.79%
04/23/2019,34.36,34.18,34.43,33.98,15.15M,0.70%
04/24/2019,34.51,34.38,34.62,34.36,14.09M,0.44%
04/25/2019,34.51,34.41,34.71,34.28,11.88M,0.00%
04/26/2019,33.84,33.48,34.11,33.22,24.32M,-1.94%
04/29/2019,33.85,33.96,34.00,33.59,19.14M,0.03%
04/30/2019,34.28,33.92,34.31,33.82,18.40M,1.27%
05/01/2019,33.79,34.26,34.27,33.76,16.01M,-1.43%
05/02/2019,33.72,33.81,34.02,33.41,15.02M,-0.21%
05/03/2019,34.03,34.11,34.25,33.93,15.95M,0.92%
05/06/2019,34.15,33.58,34.18,33.51,13.84M,0.35%
05/07/2019,33.77,33.93,34.06,33.59,13.73M,-1.11%
05/08/2019,33.43,33.42,33.68,33.29,17.65M,-1.01%
05/09/2019,33.18,33.09,33.31,32.95,18.72M,-0.75%
05/10/2019,33.97,33.25,34.04,33.23,26.23M,2.38%
05/13/2019,33.30,33.48,33.72,33.00,22.08M,-1.97%
05/14/2019,33.43,33.38,33.62,33.30,19.06M,0.39%
05/15/2019,33.29,33.40,33.45,33.04,20.22M,-0.42%
05/16/2019,33.77,34.28,34.65,33.61,51.37M,1.44%
05/17/2019,33.62,33.41,33.98,33.30,37.11M,-0.44%
05/20/2019,33.84,33.46,33.99,33.42,21.58M,0.65%
05/21/2019,33.71,33.84,33.88,33.47,20.67M,-0.38%
05/22/2019,34.08,33.87,34.14,33.69,22.02M,1.10%
05/23/2019,33.95,33.94,33.98,33.64,19.36M,-0.38%
05/24/2019,34.22,34.06,34.29,34.03,13.45M,0.80%
05/28/2019,34.14,34.19,34.52,34.13,30.82M,-0.23%
05/29/2019,34.04,34.04,34.29,33.82,19.56M,-0.29%
05/30/2019,34.06,34.16,34.50,33.97,15.06M,0.06%
05/31/2019,33.81,33.78,34.01,33.53,17.78M,-0.73%
06/03/2019,33.99,33.88,34.23,33.80,19.84M,0.53%
06/04/2019,34.19,34.20,34.22,33.81,17.90M,0.59%
06/05/2019,34.81,34.25,34.93,34.20,20.71M,1.81%
06/06/2019,35.04,34.83,35.22,34.73,24.19M,0.66%
06/07/2019,35.35,35.08,35.45,35.02,20.43M,0.88%
06/10/2019,35.84,35.49,35.93,35.46,18.98M,1.39%
06/11/2019,35.98,36.00,36.32,35.92,20.24M,0.39%
06/12/2019,36.27,35.97,36.30,35.97,13.91M,0.81%
06/13/2019,36.22,36.33,36.53,36.06,16.45M,-0.14%
06/14/2019,36.36,36.26,36.53,36.15,13.58M,0.39%
06/17/2019,36.39,36.37,36.52,36.09,12.44M,0.08%
06/18/2019,36.55,36.60,36.65,36.30,14.73M,0.44%
06/19/2019,36.54,36.60,36.61,36.29,11.77M,-0.03%
06/20/2019,36.77,36.61,36.83,36.43,15.00M,0.63%
06/21/2019,37.04,36.78,37.40,36.75,39.54M,0.73%
06/24/2019,37.08,37.16,37.41,37.01,18.10M,0.11%
06/25/2019,36.91,36.96,37.14,36.80,18.32M,-0.46%
06/26/2019,36.72,36.95,37.02,36.70,12.49M,-0.51%
06/27/2019,36.70,36.69,36.84,36.29,16.44M,-0.05%
06/28/2019,36.83,36.85,37.17,36.75,19.52M,0.35%
07/01/2019,36.87,37.10,37.32,36.67,16.55M,0.11%
07/02/2019,37.20,36.94,37.20,36.78,12.19M,0.90%
07/03/2019,37.44,37.06,37.47,37.00,9.62M,0.65%
07/05/2019,37.33,37.33,37.41,37.07,10.74M,-0.29%
07/08/2019,37.57,37.31,37.64,37.23,14.15M,0.64%
07/09/2019,37.63,37.63,37.79,37.53,16.27M,0.16%
07/10/2019,37.66,37.71,37.87,37.46,13.74M,0.08%
07/11/2019,37.97,37.78,37.98,37.67,11.69M,0.82%
07/12/2019,38.20,38.03,38.26,37.87,11.23M,0.61%
07/15/2019,38.33,38.22,38.36,38.15,10.04M,0.34%
07/16/2019,38.25,38.44,38.50,38.01,10.46M,-0.21%
07/17/2019,38.20,38.27,38.39,38.07,8.07M,-0.13%
07/18/2019,38.24,38.12,38.26,37.91,9.67M,0.10%
07/19/2019,37.97,38.33,38.44,37.95,11.39M,-0.71%
07/22/2019,37.61,38.03,38.11,37.44,13.56M,-0.95%
07/23/2019,37.36,37.71,37.73,37.19,17.26M,-0.66%
07/24/2019,37.33,37.34,37.60,37.19,12.53M,-0.08%
07/25/2019,37.41,37.39,37.46,37.22,11.55M,0.21%
07/26/2019,37.67,37.37,37.78,37.27,14.19M,0.69%
07/29/2019,37.42,37.61,37.66,37.25,11.24M,-0.66%
07/30/2019,37.35,37.35,37.47,37.22,9.11M,-0.19%
07/31/2019,36.79,37.30,37.45,36.54,18.63M,-1.50%
08/01/2019,36.46,36.77,37.39,36.44,22.36M,-0.90%
08/02/2019,36.47,36.58,36.71,36.05,16.97M,0.03%
08/05/2019,35.27,36.00,36.00,35.20,22.71M,-3.29%
08/06/2019,35.76,35.40,35.95,35.20,21.05M,1.39%
08/07/2019,36.07,35.67,36.21,35.31,21.84M,0.87%
08/08/2019,36.17,36.00,36.28,35.92,13.12M,0.28%
08/09/2019,35.76,36.02,36.15,35.57,12.58M,-1.13%
08/12/2019,35.07,35.57,35.61,34.95,17.61M,-1.93%
08/13/2019,35.80,35.08,36.04,34.95,20.17M,2.08%
08/14/2019,35.40,35.16,36.02,35.05,27.94M,-1.12%
08/15/2019,37.56,37.51,37.88,36.72,59.44M,6.10%
08/16/2019,37.66,38.03,38.31,37.35,32.90M,0.27%
08/19/2019,37.94,38.12,38.26,37.87,21.54M,0.74%
08/20/2019,37.35,37.95,38.01,37.34,18.34M,-1.56%
08/21/2019,37.34,37.99,38.02,37.29,24.47M,-0.03%
08/22/2019,37.30,37.40,37.60,37.12,17.99M,-0.11%
08/23/2019,36.94,37.21,37.30,36.71,18.71M,-0.97%
08/26/2019,37.33,37.19,37.42,37.07,17.81M,1.06%
08/27/2019,37.47,37.47,37.60,37.17,17.20M,0.38%
08/28/2019,37.57,37.43,37.69,37.23,16.13M,0.27%
08/29/2019,38.03,38.07,38.20,37.77,15.81M,1.22%
08/30/2019,38.09,38.33,38.46,37.97,17.12M,0.16%
09/03/2019,38.21,37.89,38.44,37.83,17.83M,0.32%
09/04/2019,38.64,38.56,38.65,38.27,17.39M,1.13%
09/05/2019,38.48,39.22,39.32,38.42,17.48M,-0.41%
09/06/2019,38.24,38.48,38.58,38.21,13.04M,-0.62%
09/09/2019,38.78,38.17,38.87,38.13,17.92M,1.41%
09/10/2019,38.68,38.66,38.99,38.49,14.57M,-0.26%
09/11/2019,38.67,38.67,38.90,38.41,15.85M,-0.03%
09/12/2019,38.97,38.88,39.02,38.63,13.42M,0.78%
09/13/2019,39.14,39.05,39.40,38.98,16.92M,0.44%
09/16/2019,38.52,38.85,39.06,38.46,18.27M,-1.58%
09/17/2019,38.84,38.44,38.90,38.42,14.33M,0.83%
09/18/2019,39.05,38.97,39.08,38.73,12.35M,0.54%
09/19/2019,39.04,39.13,39.27,38.92,10.19M,-0.03%
09/20/2019,38.99,39.12,39.21,38.93,34.76M,-0.13%
09/23/2019,39.21,38.87,39.47,38.85,17.72M,0.56%
09/24/2019,39.47,39.42,39.95,39.34,23.12M,0.66%
09/25/2019,39.49,39.49,39.57,39.27,16.02M,0.05%
09/26/2019,39.43,39.60,39.85,39.40,11.97M,-0.15%
09/27/2019,39.48,39.74,39.74,39.25,10.31M,0.13%
09/30/2019,39.56,39.56,39.81,39.52,10.81M,0.20%
10/01/2019,39.28,39.62,39.70,39.24,11.22M,-0.71%
10/02/2019,38.71,39.13,39.18,38.54,18.03M,-1.45%
10/03/2019,38.77,38.63,38.93,38.19,16.11M,0.16%
10/04/2019,39.39,38.80,39.43,38.73,14.61M,1.60%
10/07/2019,39.08,39.37,39.43,38.96,14.26M,-0.79%
10/08/2019,39.19,38.94,39.56,38.89,16.64M,0.28%
10/09/2019,39.64,39.39,39.77,39.34,11.80M,1.15%
10/10/2019,39.87,39.63,39.96,39.53,13.31M,0.58%
10/11/2019,40.08,39.97,40.24,39.57,18.45M,0.53%
10/14/2019,39.72,39.95,40.15,39.70,13.80M,-0.90%
10/15/2019,39.84,39.78,40.00,39.62,16.16M,0.30%
10/16/2019,39.81,39.77,40.04,39.70,12.43M,-0.08%
10/17/2019,39.95,39.89,40.08,39.79,11.88M,0.35%
10/18/2019,39.71,40.15,40.20,39.71,16.78M,-0.60%
10/21/2019,39.91,39.77,39.94,39.61,10.42M,0.50%
10/22/2019,39.86,39.92,40.06,39.80,7.79M,-0.13%
10/23/2019,39.78,39.72,39.95,39.56,8.61M,-0.20%
10/24/2019,39.70,39.72,39.86,39.50,8.77M,-0.20%
10/25/2019,39.68,39.67,39.78,39.40,7.69M,-0.05%
10/28/2019,39.74,39.75,39.90,39.51,10.21M,0.15%
10/29/2019,39.05,39.50,39.58,39.03,14.37M,-1.74%
10/30/2019,39.37,39.06,39.46,39.02,8.99M,0.82%
10/31/2019,39.09,39.31,39.43,38.94,14.64M,-0.71%
11/01/2019,39.21,39.31,39.32,39.08,11.29M,0.31%
11/04/2019,39.19,39.47,39.70,39.06,13.94M,-0.05%
11/05/2019,39.62,39.23,39.71,39.02,12.65M,1.10%
11/06/2019,39.83,39.61,39.87,39.57,10.84M,0.53%
11/07/2019,40.08,40.00,40.31,39.85,13.32M,0.63%
11/08/2019,39.81,40.10,40.29,39.65,11.50M,-0.67%
11/11/2019,39.68,39.57,39.88,39.43,13.32M,-0.33%
11/12/2019,39.71,39.87,40.00,39.60,15.21M,0.08%
11/13/2019,40.33,39.72,40.45,39.55,24.14M,1.56%
11/14/2019,40.22,41.53,41.79,39.84,67.53M,-0.27%
11/15/2019,39.62,40.23,40.33,39.46,30.44M,-1.49%
11/18/2019,40.08,39.48,40.29,39.41,19.65M,1.16%
11/19/2019,39.96,40.04,40.12,39.90,11.15M,-0.30%
11/20/2019,39.71,40.07,40.16,39.47,15.23M,-0.63%
11/21/2019,39.95,39.61,40.00,39.56,12.91M,0.60%
11/22/2019,39.79,40.05,40.10,39.76,11.53M,-0.40%
11/25/2019,39.64,40.00,40.01,39.30,17.65M,-0.38%
11/26/2019,39.73,39.65,39.77,39.48,18.88M,0.23%
11/27/2019,39.59,39.80,39.93,39.58,10.32M,-0.35%
11/29/2019,39.70,39.71,39.99,39.67,9.47M,0.28%
12/02/2019,39.76,39.72,39.79,39.28,17.04M,0.15%
12/03/2019,39.56,39.47,39.65,39.26,20.28M,-0.50%
12/04/2019,39.56,39.71,39.73,39.43,16.67M,0.00%
12/05/2019,39.55,39.45,39.59,39.14,13.06M,-0.03%
12/06/2019,39.93,39.69,39.93,39.64,13.03M,0.96%
12/09/2019,39.79,39.86,39.95,39.73,14.51M,-0.35%
12/10/2019,39.71,39.78,39.85,39.67,12.85M,-0.20%
12/11/2019,39.67,39.80,39.88,39.51,10.52M,-0.10%
12/12/2019,39.92,39.67,40.04,39.56,12.46M,0.63%
12/13/2019,40.10,39.72,40.22,39.67,16.10M,0.45%
12/16/2019,40.18,40.14,40.45,40.14,16.06M,0.20%
12/17/2019,40.43,40.32,40.57,40.23,13.73M,0.62%
12/18/2019,39.95,40.50,40.56,39.95,15.31M,-1.19%
12/19/2019,40.03,39.98,40.17,39.93,13.39M,0.20%
12/20/2019,40.10,40.49,40.71,40.01,23.86M,0.17%
12/23/2019,39.68,40.07,40.23,39.67,13.46M,-1.05%
12/24/2019,39.84,39.71,39.87,39.67,6.68M,0.40%
12/26/2019,39.84,39.87,39.95,39.65,12.68M,0.00%
12/27/2019,39.86,39.98,39.98,39.75,10.64M,0.05%
12/30/2019,39.80,39.93,39.94,39.71,8.84M,-0.15%
12/31/2019,39.61,39.83,39.93,39.40,14.75M,-0.48%
01/02/2020,39.65,39.62,39.96,39.57,19.98M,0.10%
01/03/2020,39.30,39.42,39.60,39.20,16.20M,-0.88%
01/06/2020,39.22,39.13,39.36,38.92,19.34M,-0.20%
01/07/2020,38.85,39.09,39.17,38.73,20.61M,-0.94%
01/08/2020,38.72,38.77,38.91,38.56,17.64M,-0.33%
01/09/2020,39.12,38.72,39.12,38.69,16.70M,1.03%
01/10/2020,38.79,39.08,39.11,38.66,18.17M,-0.84%
01/13/2020,38.63,38.79,38.85,38.46,18.34M,-0.41%
01/14/2020,38.73,38.49,38.74,38.38,19.76M,0.26%
01/15/2020,38.43,38.21,38.62,38.17,22.36M,-0.77%
01/16/2020,38.63,38.50,38.64,38.43,16.11M,0.52%
01/17/2020,38.32,38.68,38.77,38.21,30.14M,-0.80%
01/21/2020,38.53,38.20,38.56,38.17,22.06M,0.55%
01/22/2020,38.70,38.41,38.84,38.39,14.78M,0.44%
01/23/2020,38.60,38.74,38.77,38.35,12.92M,-0.26%
01/24/2020,38.12,38.67,38.68,38.05,13.15M,-1.24%
01/27/2020,38.62,37.73,38.74,37.56,21.06M,1.31%
01/28/2020,38.87,38.66,38.97,38.65,15.81M,0.65%
01/29/2020,38.63,38.85,39.04,38.63,11.33M,-0.62%
01/30/2020,38.86,38.54,38.91,38.44,13.74M,0.60%
01/31/2020,38.16,38.60,38.75,37.97,23.33M,-1.80%
02/03/2020,38.09,38.30,38.46,38.03,13.06M,-0.18%
02/04/2020,38.42,38.41,38.75,38.30,15.70M,0.87%
02/05/2020,38.94,38.53,38.98,38.28,17.05M,1.35%
02/06/2020,38.77,38.94,39.08,38.69,16.06M,-0.44%
02/07/2020,38.82,38.70,38.92,38.59,11.07M,0.13%
02/10/2020,38.42,38.58,38.99,38.35,18.43M,-1.03%
02/11/2020,38.47,38.48,38.50,38.15,17.39M,0.13%
02/12/2020,38.62,38.50,38.81,38.47,14.21M,0.39%
02/13/2020,39.15,38.62,39.18,38.53,16.00M,1.37%
02/14/2020,39.30,39.22,39.52,39.05,24.39M,0.38%
02/18/2020,39.88,39.49,39.98,39.12,34.55M,1.48%
02/19/2020,39.23,39.83,39.98,39.23,21.56M,-1.63%
02/20/2020,39.23,39.07,39.37,38.95,15.07M,0.00%
02/21/2020,39.53,39.15,39.58,39.10,18.73M,0.76%
02/24/2020,38.77,39.15,39.49,38.65,19.85M,-1.92%
02/25/2020,38.13,38.78,39.02,38.02,23.29M,-1.65%
02/26/2020,37.93,38.23,38.39,37.88,20.02M,-0.52%
02/27/2020,36.80,37.52,38.02,36.78,28.48M,-2.98%
02/28/2020,35.89,35.90,36.17,34.79,52.51M,-2.47%
03/02/2020,38.63,35.87,38.80,35.76,51.22M,7.63%
03/03/2020,37.64,38.69,39.18,37.45,33.34M,-2.56%
03/04/2020,38.92,38.08,38.95,37.82,24.63M,3.40%
03/05/2020,38.64,38.13,39.08,37.97,25.64M,-0.72%
03/06/2020,39.08,37.96,39.30,37.67,29.41M,1.14%
03/09/2020,39.05,37.94,40.21,37.58,59.24M,-0.08%
03/10/2020,39.93,39.37,40.23,38.31,37.80M,2.25%
03/11/2020,38.14,39.17,39.68,37.60,31.63M,-4.48%
03/12/2020,34.68,35.34,37.16,34.33,56.32M,-9.07%
03/13/2020,38.03,36.08,38.20,34.63,42.96M,9.66%
03/16/2020,35.59,35.07,37.11,34.00,36.75M,-6.42%
03/17/2020,39.75,37.59,39.76,36.82,52.81M,11.69%
03/18/2020,40.86,38.33,42.69,38.17,77.36M,2.79%
03/19/2020,39.82,41.49,42.33,39.21,57.10M,-2.55%
03/20/2020,37.99,39.83,40.93,37.30,55.42M,-4.60%
03/23/2020,38.09,38.06,39.18,37.40,39.37M,0.26%
03/24/2020,38.34,38.62,39.12,37.10,42.71M,0.66%
03/25/2020,36.47,37.66,38.00,36.02,53.29M,-4.88%
03/26/2020,36.61,36.47,36.96,35.62,58.29M,0.38%
03/27/2020,36.53,36.70,37.43,36.20,36.16M,-0.22%
03/30/2020,38.40,37.29,38.60,36.98,29.21M,5.12%
03/31/2020,37.87,38.10,38.73,37.55,26.27M,-1.38%
04/01/2020,38.05,37.38,38.51,37.27,28.27M,0.48%
04/02/2020,39.55,37.73,39.70,37.44,29.52M,3.94%
04/03/2020,39.83,39.07,39.97,39.01,28.63M,0.71%
04/06/2020,42.02,39.69,42.13,39.65,47.77M,5.50%
04/07/2020,40.66,41.33,42.16,40.55,41.37M,-3.24%
04/08/2020,40.61,41.23,41.27,40.20,27.88M,-0.12%
04/09/2020,40.60,39.41,40.96,39.22,32.83M,-0.02%
04/13/2020,41.77,40.42,41.89,40.39,24.19M,2.88%
04/14/2020,43.00,42.37,43.26,42.01,34.10M,2.94%
04/15/2020,42.92,43.00,43.29,42.37,22.44M,-0.19%
04/16/2020,44.11,43.00,44.31,42.75,31.88M,2.77%
04/17/2020,44.04,43.83,44.32,43.24,30.92M,-0.16%
04/20/2020,43.28,44.13,44.46,43.25,24.40M,-1.73%
04/21/2020,43.07,43.36,43.68,42.72,27.90M,-0.49%
04/22/2020,43.86,43.33,44.13,42.97,19.46M,1.83%
04/23/2020,42.84,43.28,43.70,42.58,28.84M,-2.33%
04/24/2020,43.15,43.12,43.30,42.85,17.35M,0.72%
04/27/2020,42.77,43.33,43.44,42.72,17.92M,-0.88%
04/28/2020,42.67,42.76,43.41,42.57,20.73M,-0.23%
04/29/2020,41.20,41.86,41.92,40.85,44.61M,-3.45%
04/30/2020,40.52,41.03,41.15,40.35,40.50M,-1.65%
05/01/2020,40.97,40.49,41.23,40.26,31.14M,1.11%
05/04/2020,41.23,41.28,41.47,40.57,17.81M,0.63%
05/05/2020,41.58,41.27,41.75,41.09,19.34M,0.85%
05/06/2020,41.10,41.74,41.83,40.95,17.31M,-1.15%
05/07/2020,40.63,41.15,41.33,40.50,27.35M,-1.14%
05/08/2020,40.98,40.92,41.00,40.54,20.83M,0.86%
05/11/2020,41.22,41.01,41.44,41.00,25.34M,0.59%
05/12/2020,41.26,41.49,41.89,41.26,19.10M,0.10%
05/13/2020,41.24,41.17,42.08,41.03,29.18M,-0.05%
05/14/2020,41.14,41.62,41.71,40.43,22.23M,-0.24%
05/15/2020,41.98,41.16,41.98,41.03,31.77M,2.04%
05/18/2020,42.55,42.50,42.85,42.03,39.11M,1.36%
05/19/2020,41.65,43.92,44.00,41.60,74.75M,-2.12%
05/20/2020,41.82,42.16,42.20,41.54,32.25M,0.41%
05/21/2020,41.66,41.63,42.05,41.42,22.45M,-0.38%
05/22/2020,41.44,41.70,41.78,41.26,22.36M,-0.53%
05/26/2020,41.29,41.45,41.84,41.21,23.73M,-0.36%
05/27/2020,40.83,41.32,41.50,40.34,31.07M,-1.11%
05/28/2020,41.23,41.24,41.65,41.05,24.44M,0.98%
05/29/2020,41.35,41.41,41.57,40.64,29.32M,0.29%
06/01/2020,41.32,41.15,41.47,40.79,20.57M,-0.07%
06/02/2020,41.31,41.20,41.38,40.94,19.19M,-0.02%
06/03/2020,41.16,41.30,41.33,40.89,20.26M,-0.36%
06/04/2020,40.70,40.93,41.30,40.61,24.01M,-1.12%
06/05/2020,40.52,40.86,40.89,39.97,39.34M,-0.44%
06/08/2020,40.41,39.86,40.41,39.82,28.34M,-0.27%
06/09/2020,40.45,40.53,40.67,40.19,20.75M,0.10%
06/10/2020,40.39,40.52,40.83,40.38,28.14M,-0.15%
06/11/2020,40.03,40.33,40.86,39.83,34.16M,-0.89%
06/12/2020,39.25,40.17,40.25,39.02,32.36M,-1.95%
06/15/2020,39.36,39.47,39.56,39.00,32.70M,0.28%
06/16/2020,39.88,39.93,40.08,39.51,25.19M,1.32%
06/17/2020,39.68,39.95,40.04,39.47,20.17M,-0.50%
06/18/2020,39.33,39.51,39.69,39.22,20.07M,-0.88%
06/19/2020,39.95,39.63,40.10,39.25,40.03M,1.58%
06/22/2020,40.56,40.32,40.70,40.13,27.34M,1.53%
06/23/2020,40.36,40.92,40.95,40.32,19.73M,-0.49%
06/24/2020,40.10,40.25,40.37,39.86,20.61M,-0.64%
06/25/2020,39.90,39.92,40.05,39.46,20.57M,-0.50%
06/26/2020,39.44,39.87,40.28,39.34,26.99M,-1.15%
06/29/2020,39.69,39.50,39.89,39.40,16.51M,0.63%
06/30/2020,39.93,39.74,40.04,39.51,20.51M,0.60%
07/01/2020,39.90,39.82,39.97,39.55,19.73M,-0.08%
07/02/2020,39.74,40.03,40.29,39.62,17.70M,-0.40%
07/06/2020,39.63,39.93,39.96,39.41,21.70M,-0.28%
07/07/2020,42.32,39.48,42.52,39.41,93.46M,6.79%
07/08/2020,41.48,42.67,42.71,41.47,52.22M,-1.98%
07/09/2020,42.58,41.87,42.73,41.65,42.77M,2.65%
07/10/2020,43.56,42.91,43.79,42.42,44.24M,2.30%
07/13/2020,43.17,43.78,44.54,42.96,42.34M,-0.90%
07/14/2020,44.00,43.09,44.17,43.01,26.46M,1.92%
07/15/2020,44.00,44.09,44.71,43.60,31.73M,0.00%
07/16/2020,44.07,44.02,44.24,43.75,17.68M,0.16%
07/17/2020,43.91,44.46,44.46,43.82,18.19M,-0.36%
07/20/2020,43.82,43.99,44.25,43.71,18.34M,-0.20%
07/21/2020,44.11,43.85,44.66,43.82,21.72M,0.66%
07/22/2020,44.22,44.19,44.34,43.73,16.16M,0.25%
07/23/2020,43.88,44.33,44.38,43.77,16.80M,-0.77%
07/24/2020,43.75,43.65,44.13,43.50,13.04M,-0.30%
07/27/2020,43.74,43.62,43.99,43.62,14.05M,-0.02%
07/28/2020,43.92,43.83,44.13,43.64,14.41M,0.41%
07/29/2020,43.56,43.85,43.95,43.28,14.22M,-0.82%
07/30/2020,43.37,43.14,43.47,42.91,13.79M,-0.44%
07/31/2020,43.13,43.22,43.36,42.54,21.63M,-0.55%
08/03/2020,43.10,43.30,43.37,42.76,14.98M,-0.07%
08/04/2020,43.88,43.22,43.90,42.98,18.22M,1.81%
08/05/2020,43.27,43.48,43.58,42.94,25.51M,-1.39%
08/06/2020,43.12,43.04,43.41,43.01,14.50M,-0.35%
08/07/2020,43.32,43.19,43.49,43.04,16.56M,0.46%
08/10/2020,43.96,43.41,44.11,43.22,17.68M,1.48%
08/11/2020,43.40,44.20,44.29,43.24,25.36M,-1.27%
08/12/2020,43.96,43.49,44.08,43.03,19.12M,1.29%
08/13/2020,43.95,43.74,43.99,43.58,19.87M,-0.02%
08/14/2020,44.20,44.11,44.32,43.88,20.11M,0.57%
08/17/2020,45.20,44.78,45.38,44.62,39.47M,2.26%
08/18/2020,44.90,45.39,45.88,44.39,80.23M,-0.66%
08/19/2020,44.14,44.74,44.89,43.95,38.16M,-1.69%
08/20/2020,43.52,43.74,44.02,43.35,26.81M,-1.40%
08/21/2020,43.88,43.52,44.22,43.37,24.86M,0.83%
08/24/2020,43.78,44.08,44.16,43.44,19.81M,-0.23%
08/25/2020,43.54,43.60,43.75,43.22,21.72M,-0.55%
08/26/2020,43.57,43.40,43.63,43.23,18.81M,0.07%
08/27/2020,45.54,43.69,46.45,43.63,119.02M,4.52%
08/28/2020,46.77,47.00,47.02,45.95,64.05M,2.70%
08/31/2020,46.28,45.83,46.30,45.18,45.24M,-1.05%
09/01/2020,49.20,47.07,49.86,46.68,107.12M,6.31%
09/02/2020,49.23,50.42,50.44,48.54,51.67M,0.06%
09/03/2020,48.18,48.90,49.87,47.27,48.02M,-2.13%
09/04/2020,47.61,48.01,48.35,46.70,33.98M,-1.18%
09/08/2020,46.15,47.14,47.30,46.09,33.97M,-3.07%
09/09/2020,46.63,46.70,47.54,46.48,33.67M,1.04%
09/10/2020,45.60,46.69,46.84,45.53,33.71M,-2.21%
09/11/2020,45.57,45.68,46.15,45.18,28.88M,-0.07%
09/14/2020,45.77,45.38,47.03,45.29,45.73M,0.44%
09/15/2020,45.79,46.08,46.36,45.56,30.43M,0.04%
09/16/2020,45.42,46.14,46.23,45.35,27.88M,-0.81%
09/17/2020,45.56,45.14,45.86,45.01,37.25M,0.31%
09/18/2020,45.10,45.48,45.84,44.92,54.71M,-1.01%
09/21/2020,45.69,45.50,45.75,45.10,47.28M,1.31%
09/22/2020,46.10,45.69,46.33,45.52,33.10M,0.90%
09/23/2020,45.33,46.33,46.41,45.27,23.13M,-1.67%
09/24/2020,45.57,45.24,45.93,45.02,29.45M,0.53%
09/25/2020,45.76,45.51,45.84,45.32,22.62M,0.42%
09/28/2020,45.75,45.72,46.02,45.57,21.20M,-0.02%
09/29/2020,45.71,45.75,46.05,45.46,27.72M,-0.09%
09/30/2020,46.64,45.80,47.25,45.73,34.83M,2.03%
10/01/2020,47.69,46.93,48.13,46.75,43.29M,2.25%
10/02/2020,46.83,47.45,47.70,46.71,24.58M,-1.80%
10/05/2020,47.27,47.10,47.40,47.02,14.26M,0.94%
10/06/2020,46.88,47.29,47.65,46.75,21.48M,-0.83%
10/07/2020,46.96,47.09,47.18,46.75,16.95M,0.17%
10/08/2020,47.12,47.17,47.36,47.04,14.68M,0.34%
10/09/2020,47.59,47.22,47.78,47.19,14.49M,1.00%
10/12/2020,48.08,47.67,48.46,47.67,18.40M,1.03%
10/13/2020,48.74,48.23,48.87,48.12,23.80M,1.37%
10/14/2020,47.98,48.80,48.84,47.92,19.72M,-1.56%
10/15/2020,48.18,47.70,48.32,47.61,13.71M,0.42%
10/16/2020,48.24,48.47,48.72,48.16,16.94M,0.12%
10/19/2020,47.65,48.37,48.46,47.58,14.64M,-1.22%
10/20/2020,47.97,48.04,48.51,47.87,14.53M,0.67%
10/21/2020,48.13,47.95,48.58,47.95,13.11M,0.33%
10/22/2020,47.85,48.06,48.19,47.56,13.35M,-0.58%
10/23/2020,47.95,47.99,48.05,47.62,10.54M,0.21%
10/26/2020,47.39,47.61,47.71,46.98,16.11M,-1.17%
10/27/2020,47.62,47.35,47.90,47.32,11.83M,0.49%
10/28/2020,46.68,46.99,47.38,46.63,16.85M,-1.97%
10/29/2020,46.64,46.67,47.04,46.23,15.15M,-0.09%
10/30/2020,46.25,46.39,46.70,45.79,18.61M,-0.84%
11/02/2020,46.80,46.86,46.94,46.34,16.58M,1.19%
11/03/2020,47.59,47.22,48.05,47.19,15.41M,1.69%
11/04/2020,47.32,47.19,48.13,47.11,17.93M,-0.57%
11/05/2020,47.82,48.00,48.08,47.65,14.20M,1.06%
11/06/2020,48.59,48.12,48.74,47.85,16.20M,1.61%
11/09/2020,47.85,49.33,49.40,47.83,28.20M,-1.52%
11/10/2020,48.52,47.92,48.81,47.84,18.20M,1.40%
11/11/2020,49.33,48.97,49.65,48.80,18.81M,1.67%
11/12/2020,49.41,49.49,49.57,49.03,12.58M,0.16%
11/13/2020,50.18,49.65,50.31,49.17,19.81M,1.56%
11/16/2020,50.81,50.18,51.13,49.76,34.56M,1.26%
11/17/2020,49.79,50.17,51.08,49.73,42.71M,-2.01%
11/18/2020,49.70,49.95,50.56,49.68,24.94M,-0.18%
11/19/2020,50.71,49.82,50.82,49.77,18.59M,2.03%
11/20/2020,50.08,50.39,50.92,49.94,21.96M,-1.24%
11/23/2020,50.31,50.12,50.47,49.79,18.56M,0.46%
11/24/2020,50.45,50.58,50.66,50.09,17.17M,0.28%
11/25/2020,50.61,50.42,50.80,50.40,13.83M,0.32%
11/27/2020,50.53,50.72,50.91,50.37,11.00M,-0.16%
11/30/2020,50.93,50.53,50.98,50.03,32.70M,0.79%
12/01/2020,50.88,51.20,51.22,50.55,22.94M,-0.10%
12/02/2020,50.17,50.67,50.87,49.84,23.55M,-1.40%
12/03/2020,49.77,50.09,50.09,49.46,25.73M,-0.80%
12/04/2020,49.64,49.84,49.84,49.19,20.89M,-0.26%
12/07/2020,49.37,49.49,49.66,49.05,18.48M,-0.54%
12/08/2020,49.82,49.12,49.95,49.06,20.72M,0.91%
12/09/2020,49.42,50.00,50.00,49.30,20.14M,-0.80%
12/10/2020,49.01,49.25,49.38,48.86,20.65M,-0.83%
12/11/2020,49.00,48.97,49.17,48.65,16.86M,-0.02%
12/14/2020,48.55,49.23,49.24,48.47,25.09M,-0.92%
12/15/2020,48.53,48.51,48.79,48.29,31.89M,-0.04%
12/16/2020,48.48,48.75,48.96,48.36,25.65M,-0.10%
12/17/2020,48.70,48.69,48.81,48.38,30.68M,0.45%
12/18/2020,48.65,48.87,49.06,48.39,41.38M,-0.10%
12/21/2020,48.66,48.50,48.89,48.35,25.55M,0.02%
12/22/2020,48.07,48.38,48.74,47.71,37.66M,-1.21%
12/23/2020,47.74,47.85,48.07,47.43,20.43M,-0.69%
12/24/2020,47.83,47.85,48.13,47.73,9.05M,0.19%
12/28/2020,48.41,48.01,48.43,47.78,19.34M,1.21%
12/29/2020,48.10,48.55,48.61,47.86,17.94M,-0.64%
12/30/2020,48.06,48.29,48.38,47.98,18.75M,-0.08%
12/31/2020,48.05,48.07,48.09,47.62,17.81M,-0.02%
01/04/2021,48.84,48.10,48.96,48.09,32.18M,1.64%
01/05/2021,48.58,48.87,49.02,48.16,26.50M,-0.53%
01/06/2021,48.89,48.36,49.37,48.34,21.92M,0.64%
01/07/2021,48.88,49.21,49.25,48.68,20.54M,-0.02%
01/08/2021,48.88,48.96,49.00,48.60,24.48M,0.00%
01/11/2021,49.10,48.67,49.33,48.67,26.35M,0.45%
01/12/2021,49.66,49.67,49.98,49.44,23.37M,1.14%
01/13/2021,49.15,49.58,49.69,49.14,16.07M,-1.03%
01/14/2021,48.99,49.27,49.33,48.68,23.02M,-0.33%
01/15/2021,48.21,48.38,48.63,47.89,35.92M,-1.59%
01/19/2021,47.80,48.21,48.36,47.56,24.12M,-0.85%
01/20/2021,48.50,47.86,48.55,47.63,23.78M,1.46%
01/21/2021,48.28,48.45,48.58,48.07,14.35M,-0.45%
01/22/2021,48.78,48.53,49.11,48.37,19.22M,1.04%
01/25/2021,48.73,48.45,48.75,48.09,19.03M,-0.10%
01/26/2021,49.17,48.54,49.27,48.49,15.03M,0.90%
01/27/2021,47.95,48.99,49.29,47.85,29.91M,-2.48%
01/28/2021,47.92,48.15,48.75,47.88,22.30M,-0.06%
01/29/2021,46.83,47.73,47.92,46.78,32.51M,-2.27%
02/01/2021,46.42,46.97,47.16,46.40,25.95M,-0.88%
02/02/2021,46.92,46.59,47.38,46.48,27.00M,1.08%
02/03/2021,47.07,46.89,47.35,46.88,14.97M,0.32%
02/04/2021,47.51,47.26,47.73,47.09,17.35M,0.93%
02/05/2021,48.12,47.82,48.28,47.51,20.45M,1.28%
02/08/2021,48.34,48.27,48.53,48.15,15.83M,0.46%
02/09/2021,48.61,48.19,48.77,48.19,15.91M,0.56%
02/10/2021,48.04,48.61,48.63,47.85,18.58M,-1.17%
02/11/2021,48.01,48.05,48.32,47.90,12.79M,-0.06%
02/12/2021,48.16,48.05,48.20,47.89,13.42M,0.31%
02/16/2021,48.55,48.65,48.80,48.31,27.89M,0.81%
02/17/2021,49.07,48.22,49.17,48.17,26.03M,1.07%
02/18/2021,45.89,46.33,46.90,45.83,96.93M,-6.48%
02/19/2021,46.11,45.93,46.47,45.89,36.61M,0.48%
02/22/2021,45.90,45.91,46.11,45.42,32.11M,-0.46%
02/23/2021,45.16,45.70,45.80,45.02,31.30M,-1.61%
02/24/2021,44.40,45.29,45.39,44.35,46.57M,-1.68%
02/25/2021,43.98,44.37,44.67,43.83,33.32M,-0.95%
02/26/2021,43.31,43.83,43.94,43.29,42.47M,-1.52%
03/01/2021,43.79,43.86,44.19,43.71,34.63M,1.11%
03/02/2021,43.37,43.84,44.25,43.34,29.23M,-0.96%
03/03/2021,42.53,43.17,43.31,42.52,41.84M,-1.94%
03/04/2021,42.51,42.62,43.19,42.09,45.35M,-0.05%
03/05/2021,43.04,42.28,43.25,42.25,34.07M,1.25%
03/08/2021,42.63,43.11,43.28,42.60,40.99M,-0.95%
03/09/2021,42.96,42.93,43.29,42.77,31.99M,0.77%
03/10/2021,44.06,42.95,44.35,42.82,44.93M,2.56%
03/11/2021,44.04,44.45,44.50,43.84,35.49M,-0.05%
03/12/2021,44.71,44.17,44.84,44.03,28.44M,1.52%
03/15/2021,44.48,44.91,44.92,44.27,25.10M,-0.51%
03/16/2021,44.46,44.27,44.76,44.27,19.88M,-0.04%
03/17/2021,44.09,44.17,44.38,43.99,24.16M,-0.83%
03/18/2021,43.34,43.72,43.98,43.31,29.82M,-1.70%
03/19/2021,43.91,43.38,44.17,43.30,57.70M,1.32%
03/22/2021,44.12,43.67,44.15,43.66,24.65M,0.48%
03/23/2021,44.65,43.90,44.77,43.88,29.15M,1.20%
03/24/2021,44.37,44.81,44.81,44.35,23.55M,-0.63%
03/25/2021,44.67,44.42,44.84,44.29,28.13M,0.68%
03/26/2021,45.04,44.67,45.07,44.47,28.65M,0.83%
03/29/2021,45.56,45.00,45.67,44.87,30.15M,1.15%
03/30/2021,45.25,45.44,45.86,45.16,27.23M,-0.68%
03/31/2021,45.28,45.18,45.62,44.99,24.55M,0.07%
04/01/2021,45.21,45.31,45.63,45.11,25.60M,-0.15%
04/05/2021,46.48,45.57,46.72,45.40,40.04M,2.81%
04/06/2021,46.70,46.37,46.98,46.17,31.04M,0.47%
04/07/2021,46.60,46.77,46.92,46.55,20.36M,-0.21%
04/08/2021,46.57,46.82,47.04,46.55,19.10M,-0.06%
04/09/2021,46.59,46.54,46.70,46.24,20.68M,0.04%
04/12/2021,46.60,46.69,46.79,46.45,18.72M,0.02%
04/13/2021,46.46,46.60,46.67,46.29,17.40M,-0.30%
04/14/2021,46.44,46.37,46.49,46.14,21.92M,-0.04%
04/15/2021,46.72,46.47,46.82,46.40,21.71M,0.60%
04/16/2021,46.87,46.96,46.99,46.57,26.49M,0.32%
04/19/2021,46.57,46.76,46.86,46.54,19.28M,-0.64%
04/20/2021,46.93,46.47,47.26,46.27,24.45M,0.77%
04/21/2021,47.07,46.92,47.23,46.84,17.34M,0.30%
04/22/2021,46.56,47.03,47.15,46.47,19.71M,-1.08%
04/23/2021,46.63,46.37,46.78,46.34,22.98M,0.15%
04/26/2021,45.97,46.64,46.67,45.88,22.85M,-1.42%
04/27/2021,46.13,46.00,46.31,45.85,16.15M,0.35%
04/28/2021,45.96,46.12,46.20,45.95,14.29M,-0.37%
04/29/2021,46.54,45.97,46.67,45.97,19.60M,1.26%
04/30/2021,46.64,46.57,46.66,46.37,19.68M,0.21%
05/03/2021,47.37,46.56,47.58,46.56,27.14M,1.57%
05/04/2021,46.91,47.18,47.34,46.70,19.08M,-0.97%
05/05/2021,46.87,46.90,47.07,46.75,18.35M,-0.09%
05/06/2021,47.02,46.67,47.12,46.48,16.30M,0.32%
05/07/2021,46.73,47.21,47.24,46.44,23.41M,-0.62%
05/10/2021,46.94,46.82,47.36,46.77,26.31M,0.45%
05/11/2021,46.52,46.96,46.96,46.11,26.46M,-0.89%
05/12/2021,45.31,46.29,46.33,45.30,26.00M,-2.60%
05/13/2021,46.08,45.41,46.33,45.25,21.48M,1.70%
05/14/2021,46.51,46.27,46.75,46.14,16.09M,0.93%
05/17/2021,46.30,46.67,46.80,46.26,19.68M,-0.45%
05/18/2021,47.30,47.84,48.19,47.07,58.18M,2.16%
05/19/2021,47.31,46.90,47.91,46.83,34.87M,0.02%
05/20/2021,47.47,47.17,47.62,46.90,30.54M,0.34%
05/21/2021,47.25,47.51,47.69,47.20,22.93M,-0.46%
05/24/2021,47.25,47.25,47.47,47.12,18.95M,0.00%
05/25/2021,47.45,47.27,47.55,47.02,21.51M,0.42%
05/26/2021,47.39,47.46,47.63,47.25,19.29M,-0.13%
05/27/2021,47.23,47.78,47.89,47.23,56.58M,-0.34%
05/28/2021,47.34,47.31,47.48,47.21,21.19M,0.23%
06/01/2021,47.22,47.40,47.60,47.09,20.77M,-0.25%
06/02/2021,47.12,47.13,47.24,46.70,23.30M,-0.21%
06/03/2021,47.20,47.13,47.28,46.92,18.37M,0.17%
06/04/2021,47.28,47.15,47.43,47.08,13.64M,0.17%
06/07/2021,46.97,47.28,47.32,46.80,16.63M,-0.66%
06/08/2021,46.61,46.84,46.97,46.60,20.12M,-0.77%
06/09/2021,46.36,46.45,46.67,46.34,17.09M,-0.54%
06/10/2021,46.63,46.36,46.73,46.36,16.38M,0.58%
06/11/2021,46.92,46.74,46.95,46.62,25.23M,0.62%
06/14/2021,46.85,46.98,46.98,46.68,15.14M,-0.15%
06/15/2021,46.67,46.95,46.97,46.55,19.33M,-0.38%
06/16/2021,45.72,46.62,46.68,45.66,28.80M,-2.04%
06/17/2021,45.91,45.67,46.12,45.57,19.34M,0.42%
06/18/2021,45.06,45.15,45.46,44.80,44.81M,-1.85%
06/21/2021,45.47,45.22,45.58,45.12,20.78M,0.91%
06/22/2021,45.68,45.41,45.91,45.41,19.11M,0.46%
06/23/2021,45.32,45.50,45.66,45.31,19.39M,-0.79%
06/24/2021,45.64,45.39,45.75,45.37,23.44M,0.71%
06/25/2021,46.18,45.71,46.29,45.64,28.64M,1.18%
06/28/2021,46.03,46.01,46.21,45.53,15.55M,-0.32%
06/29/2021,45.77,45.97,46.16,45.74,35.96M,-0.56%
06/30/2021,47.01,46.52,47.53,46.23,45.51M,2.71%
07/01/2021,46.44,46.80,47.08,46.34,26.35M,-1.21%
07/02/2021,46.70,46.45,47.03,46.45,26.29M,0.56%
07/06/2021,46.65,46.63,46.92,46.50,18.28M,-0.11%
07/07/2021,46.57,46.59,47.06,46.45,25.61M,-0.17%
07/08/2021,46.53,46.11,46.88,46.07,21.27M,-0.09%
07/09/2021,46.77,46.80,46.95,46.64,15.19M,0.52%
07/12/2021,46.68,46.90,46.93,46.44,19.51M,-0.19%
07/13/2021,46.86,46.66,47.06,46.65,18.95M,0.39%
07/14/2021,47.18,46.90,47.27,46.61,18.81M,0.68%
07/15/2021,47.22,47.33,47.55,47.03,17.97M,0.08%
07/16/2021,47.19,47.23,47.38,46.98,18.10M,-0.06%
07/19/2021,47.08,47.14,47.66,46.59,27.38M,-0.23%
07/20/2021,47.29,46.99,47.49,46.93,19.02M,0.45%
07/21/2021,47.06,47.50,47.51,46.90,18.59M,-0.49%
07/22/2021,47.09,47.04,47.37,46.93,13.01M,0.06%
07/23/2021,47.48,47.17,47.57,47.00,15.95M,0.83%
07/26/2021,47.54,47.45,47.95,47.15,18.52M,0.13%
07/27/2021,47.55,47.67,47.67,47.32,15.40M,0.02%
07/28/2021,47.35,47.49,47.75,47.22,14.07M,-0.42%
07/29/2021,47.41,47.55,47.62,47.34,11.06M,0.13%
07/30/2021,47.52,47.07,47.65,47.07,16.33M,0.23%
08/02/2021,47.41,47.61,47.62,47.22,19.96M,-0.23%
08/03/2021,47.94,47.48,47.97,47.45,18.92M,1.12%
08/04/2021,47.61,47.79,47.98,47.58,15.30M,-0.69%
08/05/2021,48.50,48.08,48.51,48.00,27.01M,1.87%
08/06/2021,48.41,48.74,48.82,48.32,19.26M,-0.19%
08/09/2021,48.53,48.64,48.83,48.47,15.81M,0.25%
08/10/2021,49.56,48.99,49.65,48.75,38.26M,2.12%
08/11/2021,50.00,49.84,50.53,49.72,41.46M,0.89%
08/12/2021,49.69,49.67,50.07,49.60,18.28M,-0.62%
08/13/2021,49.84,49.79,50.12,49.72,15.98M,0.30%
08/16/2021,50.25,49.89,50.58,49.68,47.93M,0.82%
08/17/2021,50.23,50.13,50.83,49.70,50.95M,-0.04%
08/18/2021,49.70,50.18,50.86,49.67,28.21M,-1.06%
08/19/2021,50.04,49.44,50.22,49.33,22.63M,0.68%
08/20/2021,50.48,50.16,50.57,49.92,19.40M,0.88%
08/23/2021,50.15,50.51,50.60,50.14,16.17M,-0.65%
08/24/2021,49.63,50.17,50.17,49.57,18.83M,-1.04%
08/25/2021,49.65,49.47,49.76,49.34,21.92M,0.04%
08/26/2021,49.12,49.16,49.42,48.89,23.47M,-1.07%
08/27/2021,48.84,49.17,49.23,48.73,23.09M,-0.57%
08/30/2021,49.23,48.81,49.33,48.67,16.44M,0.80%
08/31/2021,49.37,49.33,49.48,49.08,25.08M,0.28%
09/01/2021,49.26,49.19,49.31,48.86,19.06M,-0.22%
09/02/2021,49.52,49.37,49.59,49.23,20.02M,0.53%
09/03/2021,49.75,49.40,49.88,49.30,17.21M,0.46%
09/07/2021,49.09,49.66,49.72,49.02,25.36M,-1.33%
09/08/2021,49.15,48.98,49.44,48.91,19.51M,0.12%
09/09/2021,48.81,49.15,49.20,48.61,22.33M,-0.69%
09/10/2021,48.63,49.07,49.08,48.47,15.78M,-0.37%
09/13/2021,48.35,48.84,49.05,48.21,19.53M,-0.58%
09/14/2021,48.10,48.49,48.63,47.97,16.53M,-0.52%
09/15/2021,48.18,48.02,48.25,47.93,14.85M,0.17%
09/16/2021,48.34,48.15,48.44,47.90,18.43M,0.33%
09/17/2021,48.24,48.05,48.72,48.01,73.04M,-0.21%
09/20/2021,47.58,47.83,48.39,47.21,25.05M,-1.37%
09/21/2021,47.67,47.57,48.19,47.56,17.44M,0.19%
09/22/2021,47.56,47.82,47.87,47.43,15.04M,-0.23%
09/23/2021,47.59,47.74,47.88,47.48,15.59M,0.06%
09/24/2021,47.72,47.50,47.90,47.50,13.36M,0.27%
09/27/2021,47.42,47.62,47.85,47.28,21.25M,-0.63%
09/28/2021,46.83,47.29,47.36,46.66,20.58M,-1.24%
09/29/2021,46.81,46.88,47.28,46.77,21.38M,-0.04%
09/30/2021,46.46,46.88,47.24,46.42,22.47M,-0.75%
10/01/2021,45.68,46.42,46.54,45.31,30.01M,-1.68%
10/04/2021,45.24,45.70,46.08,44.90,29.97M,-0.96%
10/05/2021,45.54,45.32,45.90,45.30,20.60M,0.66%
10/06/2021,45.87,45.41,45.93,45.38,19.38M,0.72%
10/07/2021,46.41,46.26,46.90,46.25,21.07M,1.18%
10/08/2021,46.55,46.55,46.70,46.34,13.85M,0.30%
10/11/2021,46.51,46.51,46.93,46.48,13.05M,-0.09%
10/12/2021,46.46,46.45,46.80,46.36,15.79M,-0.11%
10/13/2021,46.12,46.50,46.67,46.04,17.94M,-0.73%
10/14/2021,46.62,46.17,46.69,46.17,19.79M,1.08%
10/15/2021,46.85,46.87,47.03,46.65,20.74M,0.49%
10/18/2021,47.23,46.67,47.33,46.61,19.89M,0.81%
10/19/2021,48.23,48.21,48.54,47.89,33.44M,2.12%
10/20/2021,48.67,48.30,48.83,48.30,17.45M,0.91%
10/21/2021,48.94,48.86,48.97,48.60,13.95M,0.55%
10/22/2021,49.45,49.03,49.90,49.03,21.20M,1.04%
10/25/2021,50.02,49.59,50.17,49.34,19.29M,1.15%
10/26/2021,49.58,50.00,50.18,49.49,17.42M,-0.88%
10/27/2021,49.18,49.65,49.67,49.13,14.57M,-0.81%
10/28/2021,49.48,49.45,49.66,49.24,12.60M,0.61%
10/29/2021,49.81,49.30,50.03,49.19,22.02M,0.67%
11/01/2021,49.93,49.99,50.25,49.78,12.55M,0.24%
11/02/2021,49.91,49.99,50.06,49.76,13.64M,-0.04%
11/03/2021,50.06,49.87,50.10,49.68,14.21M,0.30%
11/04/2021,50.43,50.06,50.62,49.94,15.15M,0.74%
11/05/2021,50.08,50.67,50.67,49.87,15.08M,-0.69%
11/08/2021,49.76,50.07,50.17,49.58,15.37M,-0.64%
11/09/2021,49.93,49.84,49.96,49.62,15.00M,0.34%
11/10/2021,49.48,49.58,49.87,49.33,16.80M,-0.90%
11/11/2021,49.50,49.59,49.66,49.40,13.60M,0.04%
11/12/2021,49.25,49.67,49.75,49.18,18.31M,-0.51%
11/15/2021,48.97,49.38,49.48,48.80,28.90M,-0.57%
11/16/2021,47.72,48.37,48.89,47.43,73.99M,-2.55%
11/17/2021,47.31,47.72,48.24,47.27,33.12M,-0.86%
11/18/2021,47.72,47.38,47.76,46.95,24.41M,0.87%
11/19/2021,47.46,47.87,48.00,47.31,28.14M,-0.54%
11/22/2021,48.26,47.55,48.45,47.33,29.15M,1.69%
11/23/2021,48.60,48.08,48.66,47.75,29.92M,0.70%
11/24/2021,48.85,48.58,49.02,48.55,18.09M,0.51%
11/26/2021,48.30,48.81,49.29,48.14,21.04M,-1.13%
11/29/2021,47.54,48.33,48.42,47.41,33.04M,-1.57%
11/30/2021,46.88,47.16,47.50,46.67,64.82M,-1.39%
12/01/2021,45.71,46.84,46.90,45.68,36.69M,-2.50%
12/02/2021,45.16,45.88,46.15,45.08,39.81M,-1.20%
12/03/2021,45.84,45.29,45.96,45.10,44.14M,1.51%
12/06/2021,46.33,45.85,46.45,45.70,32.59M,1.07%
12/07/2021,46.18,46.53,46.61,46.03,37.74M,-0.32%
12/08/2021,45.72,46.02,46.17,45.34,34.50M,-1.00%
12/09/2021,46.17,45.54,46.19,45.24,32.35M,0.98%
12/10/2021,47.01,46.11,47.10,45.86,38.58M,1.82%
12/13/2021,47.86,46.75,47.92,46.67,54.04M,1.81%
12/14/2021,48.31,47.77,48.43,47.38,46.72M,0.94%
12/15/2021,48.59,48.40,48.82,47.80,33.49M,0.58%
12/16/2021,47.78,48.59,48.84,47.63,39.07M,-1.67%
12/17/2021,46.25,47.58,47.98,46.13,78.71M,-3.20%
12/20/2021,46.40,46.04,46.58,45.87,31.02M,0.32%
12/21/2021,46.54,46.30,46.62,46.00,24.62M,0.30%
12/22/2021,46.60,46.63,46.66,46.18,17.03M,0.13%
12/23/2021,46.50,46.60,46.72,46.28,17.59M,-0.21%
12/27/2021,46.92,46.53,46.96,46.52,16.05M,0.90%
12/28/2021,47.59,46.87,47.66,46.87,15.79M,1.43%
12/29/2021,47.57,47.55,47.84,47.44,13.05M,-0.04%
12/30/2021,47.72,47.75,47.90,47.49,14.95M,0.32%
12/31/2021,48.23,47.73,48.35,47.64,17.95M,1.07%
01/03/2022,48.22,48.00,48.26,47.67,20.71M,-0.02%
01/04/2022,47.33,48.01,48.38,47.25,33.93M,-1.85%
01/05/2022,47.97,47.62,48.65,47.58,35.42M,1.35%
01/06/2022,47.84,47.87,48.21,47.47,21.83M,-0.27%
01/07/2022,48.30,47.83,48.45,47.65,19.72M,0.96%
01/10/2022,48.20,48.48,48.53,47.71,22.73M,-0.21%
01/11/2022,48.07,48.07,48.21,47.72,21.67M,-0.27%
01/12/2022,47.81,47.89,47.99,47.67,18.95M,-0.54%
01/13/2022,48.49,47.81,48.56,47.70,24.25M,1.42%
01/14/2022,48.35,48.07,48.88,48.07,26.87M,-0.29%
01/18/2022,47.51,48.14,48.23,47.38,21.13M,-1.74%
01/19/2022,47.98,47.51,48.33,47.31,22.67M,0.99%
01/20/2022,47.07,47.45,48.15,47.02,22.39M,-1.90%
01/21/2022,46.73,47.07,47.42,46.69,27.51M,-0.72%
01/24/2022,46.73,46.36,46.84,45.77,28.71M,0.00%
01/25/2022,45.72,46.66,46.79,45.60,29.48M,-2.16%
01/26/2022,45.25,45.78,46.26,45.05,26.19M,-1.03%
01/27/2022,45.28,45.64,46.36,45.12,27.78M,0.07%
01/28/2022,45.84,45.33,45.86,44.65,25.13M,1.24%
01/31/2022,46.60,45.70,46.68,45.57,20.19M,1.66%
02/01/2022,46.97,46.40,47.05,46.33,20.32M,0.79%
02/02/2022,46.95,47.00,47.21,46.72,18.15M,-0.04%
02/03/2022,47.00,46.75,47.33,46.59,20.74M,0.11%
02/04/2022,46.44,46.96,47.00,46.12,22.04M,-1.19%
02/07/2022,45.99,46.69,46.69,45.87,20.01M,-0.97%
02/08/2022,46.00,46.11,46.41,45.84,19.46M,0.02%
02/09/2022,45.90,46.17,46.26,45.82,21.47M,-0.22%
02/10/2022,45.36,45.52,45.67,45.15,27.81M,-1.18%
02/11/2022,45.11,45.61,45.73,44.72,23.73M,-0.55%
02/14/2022,44.65,45.11,45.32,44.24,29.36M,-1.02%
02/15/2022,44.79,44.91,45.22,44.60,21.85M,0.31%
02/16/2022,44.51,44.78,44.96,44.23,28.49M,-0.63%
02/17/2022,46.29,44.67,46.49,44.59,53.83M,4.00%
02/18/2022,46.00,46.03,46.53,45.72,31.10M,-0.63%
02/22/2022,45.48,45.92,46.08,45.31,25.38M,-1.13%
02/23/2022,45.02,45.62,45.73,44.95,21.03M,-1.01%
02/24/2022,44.84,44.64,45.00,44.00,31.72M,-0.40%
02/25/2022,45.46,44.94,45.59,44.70,25.00M,1.38%
02/28/2022,45.05,45.00,45.36,44.59,26.29M,-0.90%
03/01/2022,45.33,45.29,45.96,45.01,24.03M,0.62%
03/02/2022,45.39,45.22,45.61,45.06,23.86M,0.13%
03/03/2022,46.43,45.76,46.82,45.52,29.89M,2.29%
03/04/2022,47.61,45.94,47.65,45.86,35.58M,2.54%
03/07/2022,47.22,47.10,47.88,46.82,45.87M,-0.82%
03/08/2022,46.25,47.17,47.49,46.19,28.31M,-2.05%
03/09/2022,46.49,46.67,46.75,46.05,22.12M,0.52%
03/10/2022,47.54,46.50,47.67,46.34,27.51M,2.26%
03/11/2022,47.36,47.43,48.02,47.29,19.16M,-0.38%
03/14/2022,48.02,47.34,48.28,47.33,22.65M,1.39%
03/15/2022,48.59,48.18,48.72,47.95,22.87M,1.19%
03/16/2022,48.45,48.46,48.98,47.90,24.62M,-0.29%
03/17/2022,48.34,48.15,48.43,47.55,19.02M,-0.23%
03/18/2022,48.48,48.39,48.52,48.04,31.23M,0.29%
03/21/2022,48.08,48.48,49.10,47.87,21.35M,-0.83%
03/22/2022,47.93,48.20,48.32,47.66,20.24M,-0.31%
03/23/2022,47.32,47.71,47.91,47.17,19.63M,-1.27%
03/24/2022,47.61,47.46,47.97,47.29,13.44M,0.61%
03/25/2022,47.82,47.82,47.98,47.42,14.09M,0.44%
03/28/2022,48.67,47.83,48.69,47.77,20.11M,1.78%
03/29/2022,49.08,48.87,49.37,48.75,19.93M,0.84%
03/30/2022,49.96,49.04,50.06,49.01,24.99M,1.79%
03/31/2022,49.64,49.60,50.18,49.39,27.16M,-0.64%
04/01/2022,50.34,49.89,50.42,49.61,20.94M,1.41%
04/04/2022,50.35,50.30,51.07,50.03,25.34M,0.02%
04/05/2022,50.49,50.29,51.11,50.29,18.66M,0.28%
04/06/2022,51.66,50.34,51.81,50.17,28.02M,2.32%
04/07/2022,52.18,51.70,52.51,51.48,27.09M,1.01%
04/08/2022,52.47,52.30,52.80,52.07,23.29M,0.56%
04/11/2022,51.43,52.32,52.75,51.21,24.71M,-1.98%
04/12/2022,51.08,51.41,51.80,50.85,26.76M,-0.68%
04/13/2022,52.41,51.15,52.60,51.12,29.28M,2.60%
04/14/2022,52.36,52.37,52.76,52.14,22.36M,-0.10%
04/18/2022,51.96,52.25,52.66,51.74,14.67M,-0.76%
04/19/2022,52.55,52.22,52.65,52.01,15.85M,1.14%
04/20/2022,53.21,52.78,53.45,52.76,19.82M,1.26%
04/21/2022,53.29,53.31,53.59,53.02,18.17M,0.15%
04/22/2022,52.29,53.42,53.45,52.22,21.05M,-1.88%
04/25/2022,52.31,52.12,52.49,51.45,18.06M,0.05%
04/26/2022,51.77,52.12,52.71,51.73,19.60M,-1.04%
04/27/2022,51.41,51.84,52.07,51.34,17.50M,-0.68%
04/28/2022,52.07,51.74,52.33,51.37,14.97M,1.28%
04/29/2022,51.00,51.94,52.07,50.90,21.09M,-2.06%
05/02/2022,50.66,51.65,51.66,50.11,20.02M,-0.66%
05/03/2022,50.84,50.81,51.42,50.59,17.95M,0.35%
05/04/2022,51.54,50.68,51.61,50.50,20.02M,1.38%
05/05/2022,50.91,51.21,51.28,50.47,23.23M,-1.22%
05/06/2022,49.85,50.57,51.32,49.42,34.26M,-2.08%
05/09/2022,50.44,49.49,51.03,49.40,28.21M,1.17%
05/10/2022,49.73,50.48,50.76,49.52,24.86M,-1.41%
05/11/2022,49.21,49.80,50.25,48.97,27.88M,-1.05%
05/12/2022,49.16,49.29,50.05,48.84,25.24M,-0.09%
05/13/2022,49.35,49.24,49.46,48.71,19.96M,0.39%
05/16/2022,49.40,49.79,49.91,48.82,21.45M,0.11%
05/17/2022,43.78,45.48,45.81,43.55,132.94M,-11.38%
05/18/2022,40.81,42.68,42.76,40.51,104.25M,-6.79%
05/19/2022,39.69,40.29,40.60,39.53,71.01M,-2.74%
05/20/2022,39.73,39.88,40.28,39.09,49.36M,0.11%
05/23/2022,40.87,39.97,41.26,39.95,43.68M,2.85%
05/24/2022,41.38,40.40,41.52,40.36,34.58M,1.25%
05/25/2022,41.12,41.33,41.56,40.87,27.12M,-0.61%
05/26/2022,42.00,41.77,42.13,41.47,28.20M,2.13%
05/27/2022,42.83,41.83,42.87,41.77,25.30M,1.97%
05/31/2022,42.88,42.49,43.30,42.47,36.91M,0.12%
06/01/2022,41.82,42.83,42.97,41.56,28.53M,-2.47%
06/02/2022,42.50,41.86,42.51,41.44,23.21M,1.64%
06/03/2022,41.77,42.22,42.47,41.70,18.30M,-1.72%
06/06/2022,41.62,41.94,42.10,41.53,19.86M,-0.36%
06/07/2022,41.12,40.41,41.16,40.29,47.71M,-1.20%
06/08/2022,40.77,40.78,41.30,40.65,22.52M,-0.87%
06/09/2022,40.34,40.67,41.45,40.33,19.89M,-1.05%
06/10/2022,40.57,39.92,40.91,39.78,25.25M,0.56%
06/13/2022,39.80,39.91,40.41,39.70,24.90M,-1.88%
06/14/2022,39.82,39.71,40.00,39.39,21.54M,0.04%
06/15/2022,39.79,39.99,40.14,39.30,25.91M,-0.07%
06/16/2022,40.21,39.45,40.59,39.41,30.71M,1.04%
06/17/2022,39.43,40.01,40.29,39.32,36.84M,-1.93%
06/21/2022,40.72,39.43,40.93,39.41,23.92M,3.28%
06/22/2022,40.23,40.70,41.08,40.20,20.25M,-1.21%
06/23/2022,41.21,40.58,41.32,40.40,18.04M,2.43%
06/24/2022,41.24,41.36,41.77,41.05,31.85M,0.08%
06/27/2022,41.37,41.26,41.58,40.93,19.89M,0.32%
06/28/2022,40.79,41.55,41.86,40.76,15.40M,-1.41%
06/29/2022,40.64,40.96,41.12,40.32,19.11M,-0.37%
06/30/2022,40.53,40.29,40.69,39.96,19.17M,-0.28%
07/01/2022,40.88,40.65,40.97,40.39,17.46M,0.86%
07/05/2022,41.42,40.74,41.50,40.54,18.22M,1.32%
07/06/2022,41.71,41.49,42.09,41.43,21.30M,0.71%
07/07/2022,41.77,41.73,41.84,41.37,17.49M,0.15%
07/08/2022,41.80,41.94,42.20,41.72,14.75M,0.06%
07/11/2022,41.82,41.67,42.11,41.54,11.53M,0.04%
07/12/2022,41.69,41.70,42.38,41.57,13.73M,-0.30%
07/13/2022,41.79,41.48,42.15,41.30,12.69M,0.24%
07/14/2022,42.61,41.39,42.77,41.38,20.91M,1.95%
07/15/2022,43.02,42.93,43.42,42.68,21.18M,0.98%
07/18/2022,42.92,42.88,43.43,42.75,14.24M,-0.23%
07/19/2022,43.19,43.13,43.32,42.87,17.00M,0.61%
07/20/2022,43.55,43.50,43.77,43.17,18.56M,0.83%
07/21/2022,44.18,43.56,44.19,43.50,18.76M,1.46%
07/22/2022,44.07,44.18,44.46,43.74,13.62M,-0.26%
07/25/2022,44.01,44.13,44.23,43.82,20.54M,-0.14%
07/26/2022,40.66,40.38,40.90,40.02,95.39M,-7.60%
07/27/2022,42.20,40.41,42.25,40.34,42.16M,3.78%
07/28/2022,43.25,42.09,43.50,42.09,33.26M,2.50%
07/29/2022,44.02,42.77,44.09,42.67,30.14M,1.77%
08/01/2022,44.18,43.69,44.74,43.67,25.00M,0.37%
08/02/2022,44.23,44.38,44.57,43.80,19.70M,0.11%
08/03/2022,43.50,44.05,44.31,43.29,32.00M,-1.64%
08/04/2022,41.86,43.56,43.60,41.78,53.11M,-3.78%
08/05/2022,42.19,41.84,42.27,41.71,32.01M,0.80%
08/08/2022,42.54,42.22,42.74,42.20,18.18M,0.81%
08/09/2022,42.96,42.63,42.99,42.40,19.33M,0.99%
08/10/2022,43.05,43.33,43.38,42.80,25.25M,0.21%
08/11/2022,43.27,43.23,43.46,42.87,23.85M,0.53%
08/12/2022,44.07,43.33,44.28,43.27,26.62M,1.85%
08/15/2022,44.20,43.88,44.52,43.79,26.52M,0.29%
08/16/2022,46.46,46.30,46.98,46.06,91.77M,5.11%
08/17/2022,46.51,46.19,47.57,46.13,41.79M,0.11%
08/18/2022,46.36,46.51,46.81,46.17,19.20M,-0.32%
08/19/2022,45.67,46.31,46.36,45.64,22.92M,-1.47%
08/22/2022,44.86,45.40,45.57,44.81,18.67M,-1.79%
08/23/2022,44.67,44.87,44.99,44.40,16.96M,-0.42%
08/24/2022,44.99,44.78,45.10,44.53,15.77M,0.72%
08/25/2022,45.29,45.09,45.33,45.01,19.41M,0.67%
08/26/2022,43.87,45.37,45.61,43.84,21.33M,-3.14%
08/29/2022,44.29,43.61,44.62,43.53,17.38M,0.97%
08/30/2022,44.16,44.45,44.55,43.91,14.47M,-0.30%
08/31/2022,44.18,44.26,44.60,43.98,22.46M,0.05%
09/01/2022,44.83,44.18,45.05,44.13,21.74M,1.46%
09/02/2022,44.33,44.95,45.22,44.14,17.23M,-1.10%
09/06/2022,44.11,44.35,44.54,43.57,21.90M,-0.50%
09/07/2022,45.25,44.35,45.32,44.25,17.06M,2.57%
09/08/2022,45.48,45.13,45.62,44.96,16.96M,0.51%
09/09/2022,45.61,45.43,45.83,45.38,16.15M,0.30%
09/12/2022,46.02,45.69,46.08,45.65,14.28M,0.90%
09/13/2022,45.07,45.62,45.98,44.94,17.69M,-2.06%
09/14/2022,44.97,45.21,45.51,44.70,19.93M,-0.22%
09/15/2022,44.49,45.02,45.05,44.32,20.19M,-1.07%
09/16/2022,44.40,44.00,44.85,43.76,41.87M,-0.21%
09/19/2022,44.78,44.27,44.92,44.16,16.85M,0.86%
09/20/2022,44.52,44.49,44.63,44.18,13.96M,-0.58%
09/21/2022,44.92,45.15,45.82,44.87,24.90M,0.91%
09/22/2022,44.46,44.86,44.91,44.28,16.74M,-1.02%
09/23/2022,43.35,44.29,44.39,42.92,27.20M,-2.50%
09/26/2022,43.77,42.92,44.05,42.76,23.01M,0.96%
09/27/2022,43.65,44.08,44.48,43.43,16.98M,-0.27%
09/28/2022,44.37,43.80,44.55,43.24,16.84M,1.65%
09/29/2022,44.08,44.50,44.71,43.88,15.24M,-0.65%
09/30/2022,43.23,44.08,44.12,43.23,19.60M,-1.93%
10/03/2022,44.18,43.41,44.26,43.34,17.57M,2.18%
10/04/2022,44.75,44.62,45.07,44.46,16.13M,1.30%
10/05/2022,44.31,44.59,44.87,44.17,14.55M,-0.99%
10/06/2022,43.89,44.36,44.83,43.86,14.20M,-0.93%
10/07/2022,42.85,43.77,43.88,42.69,17.08M,-2.37%
10/10/2022,43.11,43.18,43.31,42.76,11.41M,0.59%
10/11/2022,44.22,43.17,44.60,43.15,21.28M,2.59%
10/12/2022,43.72,44.34,44.92,43.66,16.95M,-1.13%
10/13/2022,44.09,43.09,44.31,42.79,20.55M,0.85%
10/14/2022,43.48,44.15,44.41,43.35,16.64M,-1.40%
10/17/2022,43.79,43.65,44.27,43.53,17.81M,0.72%
10/18/2022,44.71,44.48,45.03,44.44,16.84M,2.11%
10/19/2022,44.59,44.78,44.91,44.32,11.34M,-0.28%
10/20/2022,44.70,44.66,45.13,44.55,12.76M,0.25%
10/21/2022,45.60,44.94,45.80,44.67,18.13M,2.02%
10/24/2022,46.47,45.82,46.82,45.71,18.81M,1.91%
10/25/2022,46.69,46.36,46.81,46.11,15.05M,0.47%
10/26/2022,47.05,46.79,47.35,46.61,20.76M,0.76%
10/27/2022,46.91,47.00,47.37,46.76,16.60M,-0.29%
10/28/2022,47.50,46.68,47.63,46.68,13.65M,1.26%
10/31/2022,47.44,47.45,47.69,47.26,22.57M,-0.13%
11/01/2022,47.23,47.66,47.85,47.17,14.82M,-0.45%
11/02/2022,46.92,47.05,47.85,46.90,15.53M,-0.66%
11/03/2022,46.91,46.50,47.24,46.36,10.98M,-0.02%
11/04/2022,46.99,47.34,47.40,46.26,14.67M,0.18%
11/07/2022,47.48,47.09,47.66,47.09,11.36M,1.05%
11/08/2022,47.60,47.53,48.02,47.17,15.07M,0.24%
11/09/2022,46.49,47.59,47.72,46.40,15.93M,-2.33%
11/10/2022,47.45,47.50,47.56,46.83,20.31M,2.07%
11/11/2022,47.53,47.56,47.71,46.66,19.27M,0.15%
11/14/2022,46.13,47.21,47.77,46.09,37.53M,-2.94%
11/15/2022,49.15,48.54,50.09,48.18,76.55M,6.54%
11/16/2022,49.50,49.29,50.07,49.04,32.59M,0.72%
11/17/2022,49.33,49.00,49.58,48.90,24.80M,-0.34%
11/18/2022,50.08,49.89,50.08,49.59,18.99M,1.51%
11/21/2022,50.38,50.20,50.71,50.06,21.16M,0.61%
11/22/2022,50.56,50.67,50.82,50.37,16.90M,0.36%
11/23/2022,50.81,50.69,51.12,50.63,16.92M,0.48%
11/25/2022,51.02,50.71,51.03,50.62,8.78M,0.43%
11/28/2022,51.17,50.91,51.55,50.91,17.68M,0.29%
11/29/2022,50.99,51.01,51.24,50.85,13.84M,-0.35%
11/30/2022,50.81,50.87,50.92,50.40,31.34M,-0.36%
12/01/2022,51.12,50.68,51.20,50.24,22.73M,0.62%
12/02/2022,51.07,50.49,51.08,50.49,20.73M,-0.10%
12/05/2022,50.55,50.92,51.00,50.17,23.61M,-1.02%
12/06/2022,49.96,50.40,50.63,49.74,20.63M,-1.16%
12/07/2022,49.70,50.17,50.40,49.61,17.55M,-0.52%
12/08/2022,49.59,49.72,49.76,49.38,13.51M,-0.22%
12/09/2022,48.44,49.16,49.24,48.41,27.93M,-2.33%
12/12/2022,49.34,48.63,49.37,48.52,19.43M,1.86%
12/13/2022,49.16,50.00,50.07,48.91,23.41M,-0.36%
12/14/2022,48.89,49.03,49.51,48.65,20.33M,-0.56%
12/15/2022,48.45,48.53,48.81,47.88,17.52M,-0.89%
12/16/2022,47.58,48.16,48.24,47.52,40.34M,-1.80%
12/19/2022,47.60,47.67,47.85,47.24,15.07M,0.04%
12/20/2022,48.02,47.64,48.21,47.42,17.01M,0.88%
12/21/2022,48.39,48.11,48.65,48.09,13.73M,0.78%
12/22/2022,47.83,48.26,48.33,47.31,13.09M,-1.17%
12/23/2022,47.92,47.68,47.93,47.43,9.55M,0.20%
12/27/2022,47.94,48.01,48.15,47.73,10.05M,0.03%
12/28/2022,47.10,47.82,47.89,46.97,15.25M,-1.75%
12/29/2022,47.38,47.38,47.67,47.25,9.17M,0.61%
12/30/2022,47.26,47.19,47.33,46.94,11.51M,-0.25%
01/03/2023,47.87,47.52,47.90,47.36,17.25M,1.28%
01/04/2023,47.92,47.81,48.02,47.36,13.34M,0.11%
01/05/2023,47.76,47.82,48.04,47.55,13.27M,-0.34%
01/06/2023,48.93,48.20,49.18,48.08,21.23M,2.45%
01/09/2023,48.32,48.77,49.29,48.27,17.76M,-1.25%
01/10/2023,48.29,48.31,48.48,47.91,11.97M,-0.06%
01/11/2023,48.71,48.58,48.73,48.24,14.83M,0.88%
01/12/2023,48.27,48.80,48.81,48.13,12.47M,-0.90%
01/13/2023,48.43,48.51,48.61,47.95,13.70M,0.33%
01/17/2023,48.14,48.43,48.57,48.06,15.12M,-0.61%
01/18/2023,46.95,48.07,48.08,46.82,22.67M,-2.47%
01/19/2023,46.28,47.13,47.17,46.26,17.34M,-1.43%
01/20/2023,46.85,46.47,46.93,46.06,29.54M,1.23%
01/23/2023,47.55,46.82,47.67,46.73,13.15M,1.49%
01/24/2023,47.67,47.54,47.82,47.38,13.67M,0.27%
01/25/2023,47.45,47.41,47.61,46.80,12.49M,-0.48%
01/26/2023,47.40,47.68,47.92,47.25,15.82M,-0.09%
01/27/2023,47.77,47.53,48.16,47.25,18.41M,0.77%
01/30/2023,47.38,47.37,47.48,47.09,15.90M,-0.80%
01/31/2023,47.96,47.44,47.96,47.22,14.10M,1.21%
02/01/2023,48.22,47.89,48.54,47.57,12.85M,0.56%
02/02/2023,47.87,48.14,48.29,47.65,17.81M,-0.73%
02/03/2023,47.24,47.79,47.99,46.95,17.16M,-1.33%
02/06/2023,46.89,47.27,47.37,46.68,17.45M,-0.73%
02/07/2023,46.99,46.59,47.10,46.23,16.34M,0.21%
02/08/2023,46.74,46.78,47.03,46.66,11.69M,-0.54%
02/09/2023,47.17,46.96,47.31,46.86,13.07M,0.93%
02/10/2023,47.91,47.70,47.98,47.39,15.00M,1.55%
02/13/2023,48.64,48.24,48.71,48.17,16.02M,1.52%
02/14/2023,48.50,48.58,49.04,48.19,13.83M,-0.29%
02/15/2023,48.86,48.32,48.87,48.19,14.68M,0.74%
02/16/2023,48.09,48.49,48.66,48.06,16.31M,-1.57%
02/17/2023,48.81,48.37,48.90,48.19,24.77M,1.50%
02/21/2023,49.11,47.63,49.45,47.38,54.39M,0.61%
02/22/2023,48.08,48.92,49.19,47.59,29.84M,-2.10%
02/23/2023,47.36,48.12,48.12,46.90,22.02M,-1.49%
02/24/2023,47.49,46.95,47.58,46.51,20.62M,0.27%
02/27/2023,47.15,47.57,47.70,46.89,16.65M,-0.72%
02/28/2023,47.38,47.00,47.55,46.98,18.05M,0.49%
03/01/2023,46.72,47.02,47.09,46.46,14.18M,-1.39%
03/02/2023,46.83,46.61,46.91,46.50,14.79M,0.25%
03/03/2023,46.89,47.01,47.06,46.59,16.89M,0.12%
03/06/2023,46.88,46.83,46.99,46.67,16.72M,-0.01%
03/07/2023,46.42,47.06,47.23,46.26,17.39M,-1.00%
03/08/2023,46.03,46.19,46.31,45.76,19.09M,-0.83%
03/09/2023,45.72,46.28,46.33,45.64,15.42M,-0.67%
03/10/2023,45.66,45.67,46.09,45.36,20.07M,-0.15%
03/13/2023,45.79,45.56,46.17,45.53,28.14M,0.29%
03/14/2023,46.03,45.90,46.09,45.67,25.54M,0.53%
03/15/2023,46.55,45.63,46.60,45.57,33.13M,1.12%
03/16/2023,46.09,46.48,46.55,45.96,28.91M,-0.97%
03/17/2023,46.47,46.06,46.50,45.86,43.08M,0.81%
03/20/2023,46.97,46.70,47.31,46.60,33.93M,1.08%
03/21/2023,46.81,47.13,47.13,46.51,19.01M,-0.34%
03/22/2023,46.51,46.88,47.07,46.49,18.55M,-0.64%
03/23/2023,46.88,46.73,47.20,46.50,22.04M,0.81%
03/24/2023,47.27,47.00,47.49,46.87,22.75M,0.82%
03/27/2023,48.06,47.60,48.32,47.59,26.78M,1.67%
03/28/2023,47.87,47.88,48.14,47.68,21.28M,-0.39%
03/29/2023,48.08,48.12,48.32,47.82,24.22M,0.43%
03/30/2023,48.56,48.50,48.87,48.34,21.88M,1.00%
03/31/2023,49.15,48.86,49.48,48.82,20.87M,1.22%
04/03/2023,49.56,49.24,49.65,49.17,19.77M,0.84%
04/04/2023,49.08,49.51,49.60,49.01,18.11M,-0.98%
04/05/2023,49.89,49.06,49.96,49.05,26.54M,1.66%
04/06/2023,50.27,49.60,50.35,49.51,17.89M,0.75%
04/10/2023,50.17,50.12,50.37,49.92,14.52M,-0.19%
04/11/2023,50.02,50.33,50.33,49.87,18.37M,-0.29%
04/12/2023,49.78,49.93,50.32,49.72,11.21M,-0.49%
04/13/2023,49.83,49.88,50.00,49.40,13.27M,0.10%
04/14/2023,49.49,49.68,49.96,49.38,10.47M,-0.68%
04/17/2023,49.84,49.55,49.89,49.50,16.17M,0.70%
04/18/2023,49.95,49.93,50.11,49.81,13.48M,0.22%
04/19/2023,50.00,50.28,50.47,49.92,12.43M,0.11%
04/20/2023,50.32,50.07,50.46,49.87,13.64M,0.64%
04/21/2023,50.58,50.65,50.77,50.39,25.34M,0.50%
04/24/2023,50.92,50.57,50.98,50.57,13.58M,0.68%
04/25/2023,50.52,51.10,51.25,50.44,17.25M,-0.78%
04/26/2023,50.30,50.33,50.47,50.07,12.91M,-0.44%
04/27/2023,50.46,50.26,50.65,50.26,12.86M,0.31%
04/28/2023,50.32,50.43,50.72,50.06,14.09M,-0.27%
05/01/2023,50.53,50.35,50.85,50.31,11.41M,0.41%
05/02/2023,50.39,50.49,50.50,49.82,11.33M,-0.27%
05/03/2023,50.21,50.52,50.70,50.09,12.33M,-0.37%
05/04/2023,50.16,50.18,50.33,49.83,14.01M,-0.10%
05/05/2023,50.59,50.10,50.67,49.94,14.56M,0.86%
05/08/2023,50.91,50.42,50.98,50.35,14.93M,0.63%
05/09/2023,50.99,50.91,51.06,50.78,15.21M,0.17%
05/10/2023,50.85,51.23,51.45,50.41,15.83M,-0.28%
05/11/2023,51.04,50.85,51.09,50.67,11.93M,0.37%
05/12/2023,51.02,51.20,51.36,50.90,16.12M,-0.03%
05/15/2023,50.63,51.17,51.28,50.46,16.11M,-0.78%
05/16/2023,49.93,50.28,50.51,49.86,15.54M,-1.38%
05/17/2023,49.84,50.38,50.38,49.57,26.99M,-0.17%
05/18/2023,50.49,50.60,51.43,49.98,46.77M,1.30%
05/19/2023,49.97,50.47,50.49,49.70,27.59M,-1.03%
05/22/2023,49.53,49.90,50.03,49.43,16.12M,-0.88%
05/23/2023,49.44,49.34,49.62,49.03,16.30M,-0.19%
05/24/2023,49.21,49.50,49.51,48.77,20.52M,-0.46%
05/25/2023,48.72,48.96,49.15,48.36,21.30M,-1.00%
05/26/2023,48.81,48.57,48.94,48.49,15.72M,0.18%
05/30/2023,48.69,48.77,49.10,48.53,15.74M,-0.25%
05/31/2023,48.96,48.47,49.10,48.34,30.13M,0.55%
06/01/2023,49.14,48.74,49.30,48.65,20.24M,0.37%
06/02/2023,49.61,49.07,49.67,49.03,19.18M,0.96%
06/05/2023,49.93,49.79,50.42,49.73,17.06M,0.66%
06/06/2023,49.93,49.90,50.06,49.50,15.02M,-0.01%
06/07/2023,50.00,49.75,50.12,49.68,24.26M,0.15%
06/08/2023,50.72,50.13,50.81,49.93,18.88M,1.45%
06/09/2023,51.03,50.72,51.24,50.53,15.61M,0.60%
06/12/2023,51.37,51.14,51.43,51.05,14.72M,0.66%
06/13/2023,51.77,51.51,51.84,51.36,15.74M,0.78%
06/14/2023,52.29,51.97,52.44,51.87,21.10M,1.01%
06/15/2023,52.58,52.33,52.74,52.33,18.16M,0.55%
06/16/2023,51.84,52.69,52.72,51.76,34.68M,-1.39%
06/20/2023,51.39,51.57,51.82,51.29,20.01M,-0.88%
06/21/2023,51.49,51.40,51.78,51.12,19.25M,0.19%
06/22/2023,51.92,51.66,52.03,51.49,13.31M,0.84%
06/23/2023,51.82,51.96,52.10,51.67,18.98M,-0.19%
06/26/2023,51.68,51.88,51.93,51.44,14.11M,-0.26%
06/27/2023,51.50,51.38,51.95,51.35,12.09M,-0.36%
06/28/2023,51.78,51.58,51.89,51.54,18.89M,0.54%
06/29/2023,51.43,51.50,51.58,51.05,21.53M,-0.68%
06/30/2023,52.39,51.66,52.51,51.59,19.07M,1.88%
07/03/2023,52.73,52.27,52.81,52.11,8.65M,0.65%
07/05/2023,52.70,52.72,53.04,52.45,17.59M,-0.06%
07/06/2023,52.37,52.64,52.73,52.29,14.43M,-0.63%
07/07/2023,51.16,51.94,52.10,51.15,19.77M,-2.30%
07/10/2023,51.63,51.52,51.83,51.44,12.97M,0.91%
07/11/2023,51.55,51.59,51.84,51.29,11.46M,-0.15%
07/12/2023,51.68,51.77,51.96,51.61,16.51M,0.25%
07/13/2023,51.38,51.81,51.87,51.23,11.86M,-0.59%
07/14/2023,51.55,51.37,51.56,51.19,10.43M,0.34%
07/17/2023,51.62,51.47,51.66,51.27,10.14M,0.12%
07/18/2023,51.52,51.56,51.89,51.29,13.44M,-0.18%
07/19/2023,51.54,51.60,51.73,51.25,12.37M,0.03%
07/20/2023,52.49,51.64,52.52,51.63,14.99M,1.85%
07/21/2023,52.79,52.63,52.93,52.48,16.96M,0.57%
07/24/2023,53.10,52.82,53.16,52.52,12.53M,0.59%
07/25/2023,53.06,53.49,53.50,52.76,15.55M,-0.08%
07/26/2023,53.25,53.08,53.56,52.98,15.09M,0.36%
07/27/2023,53.05,53.36,53.55,53.04,13.40M,-0.36%
07/28/2023,53.30,53.10,53.65,53.10,11.02M,0.47%
07/31/2023,53.29,53.32,53.55,52.97,13.03M,-0.03%
08/01/2023,53.04,53.32,53.48,52.99,11.78M,-0.47%
08/02/2023,53.07,52.84,53.48,52.84,12.66M,0.07%
08/03/2023,53.09,53.01,53.17,52.84,13.20M,0.03%
08/04/2023,52.78,53.25,53.42,52.65,14.26M,-0.58%
08/07/2023,53.50,53.17,53.74,53.04,14.27M,1.36%
08/08/2023,53.55,53.66,53.87,53.17,11.02M,0.10%
08/09/2023,53.64,53.64,54.03,53.57,13.21M,0.16%
08/10/2023,53.42,53.60,53.92,53.34,15.17M,-0.40%
08/11/2023,53.73,53.52,53.94,53.37,14.20M,0.59%
08/14/2023,53.33,54.00,54.26,53.06,20.81M,-0.74%
08/15/2023,53.06,53.18,53.60,52.97,14.56M,-0.51%
08/16/2023,53.09,53.29,53.66,52.79,26.98M,0.05%
08/17/2023,51.90,53.63,53.71,51.67,53.61M,-2.24%
08/18/2023,52.64,51.77,53.22,51.77,27.95M,1.44%
08/21/2023,52.50,52.54,52.95,52.35,15.68M,-0.27%
08/22/2023,52.34,52.32,52.44,52.08,16.67M,-0.32%
08/23/2023,52.70,52.20,52.80,52.17,14.21M,0.69%
08/24/2023,52.30,52.71,53.08,52.27,14.03M,-0.77%
08/25/2023,52.61,52.39,52.68,52.18,12.27M,0.59%
08/28/2023,52.91,52.62,52.94,52.62,11.87M,0.57%
08/29/2023,53.35,53.00,53.41,52.95,12.70M,0.84%
08/30/2023,53.73,53.47,53.76,53.31,10.97M,0.72%
08/31/2023,54.20,53.71,54.33,53.65,19.58M,0.87%
09/01/2023,53.86,54.29,54.32,53.38,12.55M,-0.64%
09/05/2023,53.42,53.95,54.27,53.39,15.21M,-0.80%
09/06/2023,53.82,53.47,54.06,53.30,14.59M,0.75%
09/07/2023,54.49,54.00,54.49,53.83,19.12M,1.24%
09/08/2023,54.59,54.49,54.62,54.36,12.67M,0.18%
09/11/2023,54.78,54.67,54.83,54.55,11.91M,0.35%
09/12/2023,54.84,54.83,54.98,54.68,11.76M,0.11%
09/13/2023,54.85,54.98,55.28,54.79,14.36M,0.02%
09/14/2023,55.08,55.00,55.25,54.80,14.92M,0.42%
09/15/2023,54.88,55.07,55.22,54.59,63.93M,-0.37%
09/18/2023,54.47,54.89,55.07,54.42,13.00M,-0.74%
09/19/2023,54.46,54.46,54.59,54.12,14.02M,-0.02%
09/20/2023,54.64,54.53,54.90,54.32,10.12M,0.32%
09/21/2023,53.97,54.75,54.83,53.93,18.79M,-1.21%
09/22/2023,54.12,54.08,54.41,53.97,13.22M,0.27%
09/25/2023,54.36,54.12,54.37,53.96,10.46M,0.44%
09/26/2023,54.17,54.31,54.51,54.12,14.44M,-0.35%
09/27/2023,53.91,54.00,54.08,53.43,15.71M,-0.48%
09/28/2023,54.18,54.00,54.28,53.86,11.62M,0.51%
09/29/2023,53.31,54.34,54.38,53.06,18.84M,-1.61%
10/02/2023,53.37,53.16,53.42,52.77,12.99M,0.11%
10/03/2023,53.03,53.23,53.58,52.89,11.25M,-0.63%
10/04/2023,53.67,53.22,53.68,53.00,15.76M,1.20%
10/05/2023,53.03,53.48,53.65,53.00,14.27M,-1.19%
10/06/2023,52.14,52.88,53.00,50.55,42.62M,-1.68%
10/09/2023,51.95,51.69,51.95,51.09,21.02M,-0.36%
10/10/2023,52.53,52.08,52.69,51.89,16.01M,1.13%
10/11/2023,52.74,52.75,53.16,52.35,12.03M,0.40%
10/12/2023,52.98,52.84,53.10,52.59,13.51M,0.46%
10/13/2023,53.28,53.09,53.49,52.97,13.81M,0.55%
10/16/2023,53.74,53.51,54.03,53.44,14.35M,0.86%
10/17/2023,53.81,53.58,53.90,53.46,10.89M,0.13%
10/18/2023,53.85,53.96,54.12,53.57,10.56M,0.07%
10/19/2023,53.59,53.81,53.94,53.41,11.75M,-0.48%
10/20/2023,52.92,53.61,53.70,52.90,15.06M,-1.25%
10/23/2023,53.67,52.91,53.78,52.67,17.10M,1.42%
10/24/2023,54.42,53.80,54.49,53.80,17.54M,1.39%
10/25/2023,54.25,54.39,54.78,54.16,16.62M,-0.30%
10/26/2023,53.92,54.24,54.62,53.87,16.22M,-0.61%
10/27/2023,53.72,53.83,53.99,53.52,13.83M,-0.37%
10/30/2023,54.34,53.82,54.42,53.59,12.65M,1.15%
10/31/2023,54.47,54.33,54.54,53.98,14.17M,0.24%
11/01/2023,54.96,54.74,55.13,54.33,14.90M,0.89%
11/02/2023,55.17,54.79,55.40,54.54,15.49M,0.39%
11/03/2023,54.89,55.29,55.43,54.83,17.24M,-0.52%
11/06/2023,54.96,54.83,55.21,54.69,14.53M,0.13%
11/07/2023,55.22,55.26,55.54,55.11,15.02M,0.47%
11/08/2023,54.77,55.28,55.43,54.53,15.59M,-0.81%
11/09/2023,54.64,54.79,54.84,54.41,15.08M,-0.23%
11/10/2023,55.40,54.85,55.48,54.63,14.32M,1.38%
11/13/2023,55.89,55.46,55.96,55.35,15.41M,0.90%
11/14/2023,55.88,56.06,56.38,55.75,19.79M,-0.02%
11/15/2023,56.59,56.13,56.65,55.84,35.77M,1.27%
11/16/2023,52.01,52.92,53.15,51.83,97.66M,-8.09%
11/17/2023,51.78,51.98,52.51,51.67,42.53M,-0.44%
11/20/2023,51.77,51.85,52.00,51.67,26.70M,-0.03%
11/21/2023,51.95,51.82,52.28,51.38,29.38M,0.36%
11/22/2023,51.56,51.91,52.02,51.46,26.43M,-0.76%
11/24/2023,52.02,51.72,52.04,51.57,13.98M,0.90%
11/27/2023,52.26,51.98,52.45,51.98,23.39M,0.45%
11/28/2023,52.88,52.22,52.97,52.22,23.54M,1.19%
11/29/2023,52.03,52.92,52.92,51.87,29.90M,-1.61%
11/30/2023,51.90,52.01,52.12,51.50,29.93M,-0.25%
12/01/2023,51.45,51.79,51.87,50.88,39.27M,-0.87%
12/04/2023,51.43,51.11,51.64,51.10,24.88M,-0.03%
12/05/2023,51.91,51.48,51.95,51.25,21.88M,0.93%
12/06/2023,51.35,51.85,51.94,51.22,26.45M,-1.09%
12/07/2023,50.82,51.45,51.51,50.74,25.36M,-1.03%
12/08/2023,50.29,50.67,50.74,50.08,34.07M,-1.05%
12/11/2023,50.41,50.38,50.48,49.85,31.88M,0.25%
12/12/2023,50.45,50.41,50.57,50.08,21.38M,0.08%
12/13/2023,51.35,50.52,51.35,50.21,35.35M,1.78%
12/14/2023,50.72,51.17,51.31,50.64,30.89M,-1.22%
12/15/2023,50.91,50.59,51.15,50.51,70.00M,0.37%
12/18/2023,51.66,51.12,51.69,51.04,26.32M,1.46%
12/19/2023,51.84,51.61,51.90,51.36,24.42M,0.36%
12/20/2023,51.24,51.81,52.05,51.21,21.97M,-1.17%
12/21/2023,51.60,51.33,51.69,51.30,20.09M,0.71%
12/22/2023,52.22,51.82,52.38,51.72,19.41M,1.20%
12/26/2023,52.14,52.22,52.33,52.04,11.68M,-0.15%
12/27/2023,52.63,52.10,52.65,52.05,19.90M,0.94%
12/28/2023,52.52,52.59,52.78,52.50,16.78M,-0.20%
12/29/2023,52.55,52.51,52.69,52.39,21.95M,0.05%
